<?xml version="1.0" encoding="UTF-8"?>
<!DOCTYPE cesAlign PUBLIC "-//CES//DTD XML cesAlign//EN" "http://www.xces.org/dtd/xcesAlign.dtd">

<cesAlign version="1.0">
 <linkGrp targType="s" fromDoc="ceb/nxeXgsr03B/cejs.xml.gz" toDoc="es/nxeXgsr03B/cejs.xml.gz">
  <link xtargets="1;153" />
  <link xtargets="2;210" />
  <link xtargets="4;228" />
 </linkGrp>
 <linkGrp targType="s" fromDoc="ceb/nxeXgsr03B/commons-android-strings.xml.gz" toDoc="es/nxeXgsr03B/commons-android-strings.xml.gz">
  <link xtargets="1;715" />
 </linkGrp>
 <linkGrp targType="s" fromDoc="ceb/nxeXgsr03B/core.xml.gz" toDoc="es/nxeXgsr03B/core.xml.gz">
  <link xtargets="1;1" />
  <link xtargets="2;2" />
  <link xtargets="3;3" />
  <link xtargets="4;4" />
  <link xtargets="5;5" />
  <link xtargets="6;6" />
  <link xtargets="7;7" />
  <link xtargets="8;8" />
  <link xtargets="9;9" />
  <link xtargets="10;10" />
  <link xtargets="11;11" />
  <link xtargets="12;12" />
  <link xtargets="13;13" />
  <link xtargets="14;14" />
  <link xtargets="27;27" />
  <link xtargets="28;28" />
  <link xtargets="29;29" />
  <link xtargets="30;30" />
  <link xtargets="32;32" />
  <link xtargets="33;33" />
  <link xtargets="34;34" />
  <link xtargets="35;35" />
  <link xtargets="36;36" />
  <link xtargets="37;37" />
  <link xtargets="38;38" />
  <link xtargets="39;39" />
  <link xtargets="40;40" />
  <link xtargets="41;41" />
  <link xtargets="42;42" />
  <link xtargets="43;43" />
  <link xtargets="44;44" />
  <link xtargets="45;45" />
  <link xtargets="46;46" />
  <link xtargets="47;47" />
  <link xtargets="48;48" />
  <link xtargets="49;49" />
  <link xtargets="50;50" />
  <link xtargets="51;53" />
  <link xtargets="52;54" />
  <link xtargets="53;55" />
  <link xtargets="54;56" />
  <link xtargets="55;57" />
  <link xtargets="56;58" />
  <link xtargets="57;59" />
  <link xtargets="58;60" />
  <link xtargets="59;61" />
  <link xtargets="60;62" />
  <link xtargets="61;63" />
  <link xtargets="62;64" />
  <link xtargets="63;65" />
  <link xtargets="64;69" />
  <link xtargets="65;70" />
  <link xtargets="66;71" />
  <link xtargets="67;3602" />
  <link xtargets="68;73" />
  <link xtargets="71;77" />
  <link xtargets="72;78" />
  <link xtargets="73;79" />
  <link xtargets="74;80" />
  <link xtargets="75;3331" />
  <link xtargets="77;83" />
  <link xtargets="78;84" />
  <link xtargets="80;86" />
  <link xtargets="81;87" />
  <link xtargets="82;166" />
  <link xtargets="87;95" />
  <link xtargets="89;97" />
  <link xtargets="91;99" />
  <link xtargets="92;100" />
  <link xtargets="93;3426" />
  <link xtargets="94;103" />
  <link xtargets="95;104" />
  <link xtargets="96;106" />
  <link xtargets="97;107" />
  <link xtargets="99;4069" />
  <link xtargets="101;3351" />
  <link xtargets="104;115" />
  <link xtargets="106;2949" />
  <link xtargets="108;120" />
  <link xtargets="109;121" />
  <link xtargets="112;126" />
  <link xtargets="113;127" />
  <link xtargets="114;128" />
  <link xtargets="115;129" />
  <link xtargets="116;130" />
  <link xtargets="117;134" />
  <link xtargets="118;135" />
  <link xtargets="119;136" />
  <link xtargets="120;137" />
  <link xtargets="121;138" />
  <link xtargets="122;139" />
  <link xtargets="123;140" />
  <link xtargets="124;141" />
  <link xtargets="125;142" />
  <link xtargets="126;143" />
  <link xtargets="127;144" />
  <link xtargets="128;145" />
  <link xtargets="129;146" />
  <link xtargets="130;147" />
  <link xtargets="131;148" />
  <link xtargets="132;149" />
  <link xtargets="133.1 133.2 133.3 133.4 133.5;150.1 150.2 150.3 150.4 150.5" />
  <link xtargets="134;157" />
  <link xtargets="135;158" />
  <link xtargets="136;159" />
  <link xtargets="137;160" />
  <link xtargets="138;161" />
  <link xtargets="139;162" />
  <link xtargets="140;163" />
  <link xtargets="141;164" />
  <link xtargets="142;165" />
  <link xtargets="145;169" />
  <link xtargets="146;170" />
  <link xtargets="147;171" />
  <link xtargets="148;172" />
  <link xtargets="149;173" />
  <link xtargets="150;685" />
  <link xtargets="151;175" />
  <link xtargets="152;176" />
  <link xtargets="153;177" />
  <link xtargets="154.1 154.2;178.1 178.2" />
  <link xtargets="155;3665" />
  <link xtargets="156;180" />
  <link xtargets="157;181" />
  <link xtargets="161;3339" />
  <link xtargets="162;190" />
  <link xtargets="163;191" />
  <link xtargets="164;192" />
  <link xtargets="165;819" />
  <link xtargets="166;194" />
  <link xtargets="167;204" />
  <link xtargets="169;206" />
  <link xtargets="170;207" />
  <link xtargets="171;208" />
  <link xtargets="172;209" />
  <link xtargets="173;210" />
  <link xtargets="174;211" />
  <link xtargets="175;212" />
  <link xtargets="176;213" />
  <link xtargets="177;3675" />
  <link xtargets="178;219" />
  <link xtargets="179;220" />
  <link xtargets="180;221" />
  <link xtargets="181;222" />
  <link xtargets="183;224" />
  <link xtargets="184;225" />
  <link xtargets="185;226" />
  <link xtargets="186;227" />
  <link xtargets="187;228" />
  <link xtargets="188;229" />
  <link xtargets="189;230.1 230.2 230.3" />
  <link xtargets="190;231" />
  <link xtargets="191.1 191.2 191.3;232.1 232.2 232.3" />
  <link xtargets="192;233" />
  <link xtargets="193;234" />
  <link xtargets="194;242" />
  <link xtargets="195;243" />
  <link xtargets="196;244" />
  <link xtargets="197.1 197.2 197.3;245.1 245.2 245.3" />
  <link xtargets="198.1 198.2 198.3 198.4 198.5 198.6;246.1 246.2 246.3 246.4 246.5 246.6 246.7" />
  <link xtargets="199;247" />
  <link xtargets="200;248" />
  <link xtargets="201;249" />
  <link xtargets="202;1597" />
  <link xtargets="203;254" />
  <link xtargets="204;1640" />
  <link xtargets="205;257" />
  <link xtargets="206;1636" />
  <link xtargets="207;259" />
  <link xtargets="208;261" />
  <link xtargets="209;262" />
  <link xtargets="210;263" />
  <link xtargets="211;264" />
  <link xtargets="212.1 212.2;265.1 265.2" />
  <link xtargets="213;270" />
  <link xtargets="214.1 214.2;271.1 271.2" />
  <link xtargets="215.1 215.2;283.1 283.2" />
  <link xtargets="216.1 216.2;284.1 284.2" />
  <link xtargets="217.1 217.2;285.1 285.2" />
  <link xtargets="219;290" />
  <link xtargets="220;291" />
  <link xtargets="221;292" />
  <link xtargets="222.1 222.2;293.1 293.2" />
  <link xtargets="223;294" />
  <link xtargets="224;295" />
  <link xtargets="225;297.1 297.2" />
  <link xtargets="226.1 226.2 226.3;298.1 298.2" />
  <link xtargets="227.1 227.2;300.1 300.2" />
  <link xtargets="228;301" />
  <link xtargets="229;314" />
  <link xtargets="230.1 230.2;315.1 315.2" />
  <link xtargets="231;323" />
  <link xtargets="232;324" />
  <link xtargets="233;325" />
  <link xtargets="234.1 234.2 234.3 234.4;326.1 326.2 326.3" />
  <link xtargets="235;332" />
  <link xtargets="236;2127" />
  <link xtargets="237;335" />
  <link xtargets="238;336" />
  <link xtargets="239;338" />
  <link xtargets="240;340" />
  <link xtargets="241;341" />
  <link xtargets="242;343" />
  <link xtargets="243;344" />
  <link xtargets="244;345" />
  <link xtargets="245;353" />
  <link xtargets="246;355" />
  <link xtargets="248;358" />
  <link xtargets="251;2148" />
  <link xtargets="252;363" />
  <link xtargets="253;364" />
  <link xtargets="255;372" />
  <link xtargets="256;373" />
  <link xtargets="257;375" />
  <link xtargets="258;382" />
  <link xtargets="259;386" />
  <link xtargets="260;387" />
  <link xtargets="261;388" />
  <link xtargets="262;389" />
  <link xtargets="263;390" />
  <link xtargets="264.1 264.2;392.1 392.2" />
  <link xtargets="265;394" />
  <link xtargets="266.1 266.2 266.3 266.4;397.1 397.2 397.3 397.4" />
  <link xtargets="267.1 267.2 267.3;398.1 398.2 398.3" />
  <link xtargets="268;402" />
  <link xtargets="269;409" />
  <link xtargets="270;410" />
  <link xtargets="271.1 271.2 271.3;411.1 411.2 411.3" />
  <link xtargets="272.1 272.2;412.1 412.2" />
  <link xtargets="273;413" />
  <link xtargets="274.1 274.2;416.1 416.2" />
  <link xtargets="276;439" />
  <link xtargets="278;442" />
  <link xtargets="279;444" />
  <link xtargets="281;496" />
  <link xtargets="282.1 282.2 282.3 282.4 282.5 282.6 282.7 282.8 282.9 282.10;474.1 474.2 474.3 474.4 474.5 474.6 474.7 474.8 474.9 474.10" />
  <link xtargets="283;507" />
  <link xtargets="284;561" />
  <link xtargets="285;1514" />
  <link xtargets="286;3610" />
  <link xtargets="289;570" />
  <link xtargets="290;572" />
  <link xtargets="291;573" />
  <link xtargets="292;576" />
  <link xtargets="293;577" />
  <link xtargets="294;3670" />
  <link xtargets="295;579" />
  <link xtargets="296;580" />
  <link xtargets="297.1 297.2 297.3;589.1 589.2 589.3" />
  <link xtargets="298;598" />
  <link xtargets="299;617" />
  <link xtargets="300;621" />
  <link xtargets="301.1 301.2 301.3;622.1 622.2 622.3 622.4" />
  <link xtargets="302.1 302.2 302.3;624.1 624.2 624.3 624.4" />
  <link xtargets="303.1 303.2;625.1 625.2" />
  <link xtargets="304.1 304.2;629.1 629.2" />
  <link xtargets="305;645.1 645.2" />
  <link xtargets="306;651" />
  <link xtargets="307;653" />
  <link xtargets="308;654" />
  <link xtargets="309;658" />
  <link xtargets="310;3420" />
  <link xtargets="311.1 311.2 311.3 311.4;663.1 663.2" />
  <link xtargets="312;672" />
  <link xtargets="313;673" />
  <link xtargets="314;675" />
  <link xtargets="315;676" />
  <link xtargets="316;677" />
  <link xtargets="317;687" />
  <link xtargets="318;695" />
  <link xtargets="319;696" />
  <link xtargets="320.1 320.2;706.1 706.2" />
  <link xtargets="321.1 321.2 321.3;728.1 728.2 728.3" />
  <link xtargets="322;729" />
  <link xtargets="323.1 323.2;730.1 730.2" />
  <link xtargets="324;731" />
  <link xtargets="325.1 325.2;732.1 732.2" />
  <link xtargets="326;733" />
  <link xtargets="327;737" />
  <link xtargets="328;741" />
  <link xtargets="329.1 329.2;761.1 761.2" />
  <link xtargets="330;762" />
  <link xtargets="331;764" />
  <link xtargets="332;766" />
  <link xtargets="333;771" />
  <link xtargets="334;773" />
  <link xtargets="336;775" />
  <link xtargets="337;776" />
  <link xtargets="338;777" />
  <link xtargets="339;778" />
  <link xtargets="340;779" />
  <link xtargets="341;1416" />
  <link xtargets="342;781" />
  <link xtargets="343;783" />
  <link xtargets="344;784" />
  <link xtargets="345;786" />
  <link xtargets="346;787" />
  <link xtargets="347.1 347.2 347.3;788.1 788.2 788.3" />
  <link xtargets="348;789" />
  <link xtargets="349;791" />
  <link xtargets="350;792" />
  <link xtargets="351;793" />
  <link xtargets="352;794" />
  <link xtargets="353;795" />
  <link xtargets="354;796" />
  <link xtargets="355;797" />
  <link xtargets="356.1 356.2 356.3;798.1 798.2 798.3" />
  <link xtargets="357;801" />
  <link xtargets="358;802" />
  <link xtargets="359;803" />
  <link xtargets="360.1 360.2;805.1 805.2" />
  <link xtargets="361.1 361.2 361.3;808.1 808.2 808.3" />
  <link xtargets="362.1 362.2 362.3;809.1 809.2 809.3" />
  <link xtargets="363.1 363.2;810.1 810.2 810.3" />
  <link xtargets="364.1 364.2;811.1 811.2 811.3" />
  <link xtargets="365.1 365.2;812.1 812.2" />
  <link xtargets="366.1 366.2 366.3;814.1 814.2 814.3" />
  <link xtargets="368;820" />
  <link xtargets="369;3410" />
  <link xtargets="370;822" />
  <link xtargets="371;823" />
  <link xtargets="372;824" />
  <link xtargets="373;3499" />
  <link xtargets="374;3394" />
  <link xtargets="375.1 375.2 375.3;834.1 834.2 834.3 834.4" />
  <link xtargets="376;835" />
  <link xtargets="377;836" />
  <link xtargets="378;837" />
  <link xtargets="379;838" />
  <link xtargets="380;839" />
  <link xtargets="381;840" />
  <link xtargets="383;847" />
  <link xtargets="384;848" />
  <link xtargets="386;850" />
  <link xtargets="387;851" />
  <link xtargets="388.1 388.2;852.1 852.2" />
  <link xtargets="389;853" />
  <link xtargets="390.1 390.2;854.1 854.2" />
  <link xtargets="391;855" />
  <link xtargets="392;3441" />
  <link xtargets="393;857" />
  <link xtargets="394.1 394.2;858" />
  <link xtargets="395.1 395.2;859" />
  <link xtargets="396.1 396.2;860" />
  <link xtargets="397;861" />
  <link xtargets="398;862" />
  <link xtargets="399.1 399.2;863.1 863.2" />
  <link xtargets="400;864" />
  <link xtargets="401;872" />
  <link xtargets="402.1 402.2;873.1 873.2" />
  <link xtargets="403;1185" />
  <link xtargets="404.1 404.2;875.1 875.2" />
  <link xtargets="405;876" />
  <link xtargets="406;2771" />
  <link xtargets="407;878" />
  <link xtargets="408;879" />
  <link xtargets="409.1 409.2 409.3;880.1 880.2 880.3" />
  <link xtargets="410;881" />
  <link xtargets="411;882" />
  <link xtargets="412;883" />
  <link xtargets="413;906" />
  <link xtargets="414;908" />
  <link xtargets="415;909" />
  <link xtargets="416;912" />
  <link xtargets="417;914" />
  <link xtargets="418;917" />
  <link xtargets="419;921" />
  <link xtargets="420;935" />
  <link xtargets="421;938" />
  <link xtargets="422;941" />
  <link xtargets="423;942" />
  <link xtargets="424;943" />
  <link xtargets="425;947" />
  <link xtargets="426;948" />
  <link xtargets="427;949" />
  <link xtargets="428;951" />
  <link xtargets="429;1837" />
  <link xtargets="430;953" />
  <link xtargets="431;954" />
  <link xtargets="432;955" />
  <link xtargets="433;956" />
  <link xtargets="434;957" />
  <link xtargets="435;958" />
  <link xtargets="436;959" />
  <link xtargets="437;960" />
  <link xtargets="438;962" />
  <link xtargets="439;963" />
  <link xtargets="440;966" />
  <link xtargets="441;969" />
  <link xtargets="443;978" />
  <link xtargets="444;979" />
  <link xtargets="445;981" />
  <link xtargets="446;982" />
  <link xtargets="447;983" />
  <link xtargets="448;3792" />
  <link xtargets="449;2032" />
  <link xtargets="450;987" />
  <link xtargets="451.1 451.2 451.3;988.1 988.2" />
  <link xtargets="452;991" />
  <link xtargets="453;993" />
  <link xtargets="455;2483" />
  <link xtargets="456;999" />
  <link xtargets="457;3852" />
  <link xtargets="458;1061" />
  <link xtargets="459;1079" />
  <link xtargets="460;1198" />
  <link xtargets="461;1199" />
  <link xtargets="462;1200" />
  <link xtargets="463;2023" />
  <link xtargets="464;1202" />
  <link xtargets="465;1203" />
  <link xtargets="466;1205" />
  <link xtargets="467;1206" />
  <link xtargets="468;1207" />
  <link xtargets="469;1208" />
  <link xtargets="470;1209" />
  <link xtargets="471;1210" />
  <link xtargets="472;1213" />
  <link xtargets="473;1214" />
  <link xtargets="474;1215" />
  <link xtargets="475;1216" />
  <link xtargets="476;1218" />
  <link xtargets="477;1219" />
  <link xtargets="478;1220" />
  <link xtargets="479;1221" />
  <link xtargets="480;1222" />
  <link xtargets="481;1223" />
  <link xtargets="482;1225" />
  <link xtargets="483;1227" />
  <link xtargets="484;1229" />
  <link xtargets="485;1230" />
  <link xtargets="486;1231" />
  <link xtargets="487;1234" />
  <link xtargets="488;3344" />
  <link xtargets="489;1288" />
  <link xtargets="490;1289" />
  <link xtargets="491;1290" />
  <link xtargets="492;1291" />
  <link xtargets="493;1296" />
  <link xtargets="494;1297" />
  <link xtargets="495;2211" />
  <link xtargets="496;1299" />
  <link xtargets="497;1300" />
  <link xtargets="498;1301" />
  <link xtargets="499;1302" />
  <link xtargets="500;1303" />
  <link xtargets="501;1446" />
  <link xtargets="502;1447" />
  <link xtargets="504;3988" />
  <link xtargets="506;3991" />
  <link xtargets="508;1456" />
  <link xtargets="511;1462" />
  <link xtargets="513;1468" />
  <link xtargets="514;1469" />
  <link xtargets="515;1470" />
  <link xtargets="517;2181" />
  <link xtargets="518;1473" />
  <link xtargets="519;1474" />
  <link xtargets="520;1475" />
  <link xtargets="521;1476" />
  <link xtargets="524;1481" />
  <link xtargets="525;1482" />
  <link xtargets="526.1 526.2 526.3;1483.1 1483.2 1483.3" />
  <link xtargets="527;1484" />
  <link xtargets="528;1485" />
  <link xtargets="529;1607" />
  <link xtargets="530;1510" />
  <link xtargets="531;1513" />
  <link xtargets="532;1724" />
  <link xtargets="533;1725" />
  <link xtargets="534;1735" />
  <link xtargets="535;1749" />
  <link xtargets="536;1750" />
  <link xtargets="537;1751.1 1751.2" />
  <link xtargets="540;1756" />
  <link xtargets="541;1757" />
  <link xtargets="542;1758" />
  <link xtargets="543;1760" />
  <link xtargets="544;1761" />
  <link xtargets="545;1762" />
  <link xtargets="546;1764" />
  <link xtargets="547;1765" />
  <link xtargets="548;1771" />
  <link xtargets="549.1 549.2;1773.1 1773.2" />
  <link xtargets="550;1778" />
  <link xtargets="551;1783" />
  <link xtargets="552;1822" />
  <link xtargets="553;1832" />
  <link xtargets="554;1868" />
  <link xtargets="555;1872" />
  <link xtargets="556;1904" />
  <link xtargets="557;1940" />
  <link xtargets="560;1954" />
  <link xtargets="561;1955" />
  <link xtargets="562;2005" />
  <link xtargets="563;2006" />
  <link xtargets="565;2018" />
  <link xtargets="567;2036" />
  <link xtargets="568;2037" />
  <link xtargets="569;2038" />
  <link xtargets="570;2039" />
  <link xtargets="571;3255" />
  <link xtargets="572;2046" />
  <link xtargets="573.1 573.2 573.3;2048.1 2048.2" />
  <link xtargets="574;2054" />
  <link xtargets="575;2079" />
  <link xtargets="576;2115" />
  <link xtargets="578;2144" />
  <link xtargets="579;2145" />
  <link xtargets="580.1 580.2;2152" />
  <link xtargets="581;2163" />
  <link xtargets="582;3119" />
  <link xtargets="583;2167" />
  <link xtargets="584;2168" />
  <link xtargets="585;2172" />
  <link xtargets="586;2180" />
  <link xtargets="587;2190" />
  <link xtargets="588;2191" />
  <link xtargets="589;2192" />
  <link xtargets="590;2213" />
  <link xtargets="591.1 591.2;2223.1 2223.2" />
  <link xtargets="592;2224" />
  <link xtargets="593;2225" />
  <link xtargets="594.1 594.2;2226.1 2226.2" />
  <link xtargets="595;2228" />
  <link xtargets="597;2692" />
  <link xtargets="598;2693" />
  <link xtargets="599;2254" />
  <link xtargets="600;2287" />
  <link xtargets="602;2301" />
  <link xtargets="603;2302" />
  <link xtargets="604;2303" />
  <link xtargets="605;2305" />
  <link xtargets="606.1 606.2;2308.1 2308.2" />
  <link xtargets="607.1 607.2;2309.1 2309.2" />
  <link xtargets="608;2310" />
  <link xtargets="609;2311" />
  <link xtargets="610;2312" />
  <link xtargets="611;2313" />
  <link xtargets="612;2314" />
  <link xtargets="613;2315" />
  <link xtargets="614;2318" />
  <link xtargets="615;2319" />
  <link xtargets="616;2329" />
  <link xtargets="617;2330" />
  <link xtargets="618;2345" />
  <link xtargets="619;2357" />
  <link xtargets="620;2387" />
  <link xtargets="621;2388" />
  <link xtargets="622;2389" />
  <link xtargets="623;2392" />
  <link xtargets="624;2393" />
  <link xtargets="625;2398" />
  <link xtargets="626;2395" />
  <link xtargets="627;2396" />
  <link xtargets="629;2400" />
  <link xtargets="630;2408" />
  <link xtargets="631;2409" />
  <link xtargets="632;2410" />
  <link xtargets="633;2412" />
  <link xtargets="634;2417" />
  <link xtargets="635;2423" />
  <link xtargets="636;2424" />
  <link xtargets="637;3268" />
  <link xtargets="638;2432" />
  <link xtargets="639;2434" />
  <link xtargets="640;2435" />
  <link xtargets="641;2436" />
  <link xtargets="642;2440" />
  <link xtargets="643;2441" />
  <link xtargets="644;2442" />
  <link xtargets="645;2443" />
  <link xtargets="646;2444" />
  <link xtargets="647;2445" />
  <link xtargets="648;2446" />
  <link xtargets="649;2447" />
  <link xtargets="650;2448" />
  <link xtargets="651;2457" />
  <link xtargets="652;2469" />
  <link xtargets="653;2545" />
  <link xtargets="654;2580" />
  <link xtargets="655;2581" />
  <link xtargets="656;2582" />
  <link xtargets="657;2586" />
  <link xtargets="658;2589" />
  <link xtargets="659;2596" />
  <link xtargets="660.1 660.2 660.3 660.4 660.5 660.6 660.7 660.8 660.9 660.10 660.11 660.12;2648.1 2648.2 2648.3 2648.4 2648.5 2648.6 2648.7 2648.8 2648.9 2648.10 2648.11" />
  <link xtargets="661.1 661.2 661.3 661.4 661.5;2651.1 2651.2 2651.3" />
  <link xtargets="662;2663" />
  <link xtargets="663;2664" />
  <link xtargets="664;2665" />
  <link xtargets="665;2666" />
  <link xtargets="666;2668" />
  <link xtargets="667.1 667.2;2672.1 2672.2" />
  <link xtargets="668;2675" />
  <link xtargets="669;2683" />
  <link xtargets="670;4070" />
  <link xtargets="671;2696" />
  <link xtargets="672;2721" />
  <link xtargets="673;2752" />
  <link xtargets="674;2819" />
  <link xtargets="675;2822" />
  <link xtargets="676;2824" />
  <link xtargets="677;2825" />
  <link xtargets="678;2826" />
  <link xtargets="679;2828" />
  <link xtargets="680;2830" />
  <link xtargets="681;2831" />
  <link xtargets="682;2832" />
  <link xtargets="683;2833" />
  <link xtargets="684;2837" />
  <link xtargets="685.1 685.2;2838.1 2838.2" />
  <link xtargets="686;2839" />
  <link xtargets="687;2840" />
  <link xtargets="688;2842" />
  <link xtargets="689;2844" />
  <link xtargets="691;2846" />
  <link xtargets="693;2850" />
  <link xtargets="694;2851" />
  <link xtargets="697;2856" />
  <link xtargets="698;2857" />
  <link xtargets="699;2858" />
  <link xtargets="700;2859" />
  <link xtargets="701;2860" />
  <link xtargets="702;2861" />
  <link xtargets="703;2862" />
  <link xtargets="704;2863" />
  <link xtargets="705;2864" />
  <link xtargets="706;2865" />
  <link xtargets="707;2866" />
  <link xtargets="708;2867" />
  <link xtargets="709;2869" />
  <link xtargets="710;2870" />
  <link xtargets="711;2871" />
  <link xtargets="712;2872" />
  <link xtargets="713;2874" />
  <link xtargets="714;2875" />
  <link xtargets="715;2877" />
  <link xtargets="716;2878" />
  <link xtargets="717;2879" />
  <link xtargets="718;2881" />
  <link xtargets="719;2883" />
  <link xtargets="720;2884" />
  <link xtargets="721;2885" />
  <link xtargets="722;2887.1 2887.2" />
  <link xtargets="723;2888" />
  <link xtargets="724;2889" />
  <link xtargets="725;2890" />
  <link xtargets="726;2896" />
  <link xtargets="727.1 727.2;2897.1 2897.2" />
  <link xtargets="728;2898" />
  <link xtargets="729.1 729.2;2933.1 2933.2" />
  <link xtargets="730;2974" />
  <link xtargets="731;3010" />
  <link xtargets="732;3011" />
  <link xtargets="733;3015" />
  <link xtargets="734;3017" />
  <link xtargets="735;3018" />
  <link xtargets="736;3021" />
  <link xtargets="737;3022" />
  <link xtargets="738;3024" />
  <link xtargets="739;3025" />
  <link xtargets="740.1 740.2 740.3 740.4 740.5;3070.1 3070.2 3070.3 3070.4 3070.5" />
  <link xtargets="741;3071" />
  <link xtargets="742.1 742.2;3072.1 3072.2" />
  <link xtargets="743;3073" />
  <link xtargets="744;3074" />
  <link xtargets="745.1 745.2 745.3 745.4 745.5 745.6 745.7 745.8 745.9 745.10 745.11 745.12 745.13 745.14 745.15 745.16 745.17 745.18 745.19 745.20 745.21 745.22 745.23 745.24 745.25 745.26 745.27 745.28 745.29 745.30 745.31 745.32 745.33 745.34 745.35 745.36 745.37 745.38 745.39 745.40 745.41 745.42 745.43;3075.1 3075.2 3075.3 3075.4 3075.5 3075.6 3075.7 3075.8 3075.9 3075.10 3075.11 3075.12 3075.13 3075.14 3075.15 3075.16 3075.17 3075.18 3075.19 3075.20 3075.21 3075.22 3075.23 3075.24 3075.25 3075.26 3075.27 3075.28 3075.29 3075.30 3075.31 3075.32 3075.33 3075.34 3075.35 3075.36 3075.37 3075.38 3075.39 3075.40 3075.41 3075.42" />
  <link xtargets="747;3077" />
  <link xtargets="748;3186" />
  <link xtargets="749;3187" />
  <link xtargets="750;3188" />
  <link xtargets="751;3192" />
  <link xtargets="752;3276" />
  <link xtargets="753;3297" />
  <link xtargets="754;3300" />
  <link xtargets="755;3435" />
  <link xtargets="756;4019" />
  <link xtargets="757;3522" />
  <link xtargets="758;3544" />
  <link xtargets="759;3545" />
  <link xtargets="760;3570" />
  <link xtargets="761;3600" />
  <link xtargets="762;3617" />
  <link xtargets="763;3618" />
  <link xtargets="764;3975" />
  <link xtargets="765;3976" />
  <link xtargets="766;3978" />
  <link xtargets="767;3979" />
  <link xtargets="768;3980" />
  <link xtargets="769;3981" />
 </linkGrp>
 <linkGrp targType="s" fromDoc="ceb/nxeXgsr03B/ext-adiutor.xml.gz" toDoc="es/nxeXgsr03B/ext-adiutor.xml.gz"></linkGrp>
 <linkGrp targType="s" fromDoc="ceb/nxeXgsr03B/ext-babel-user.xml.gz" toDoc="es/nxeXgsr03B/ext-babel-user.xml.gz">
  <link xtargets="1;4" />
  <link xtargets="2;8" />
  <link xtargets="3;9" />
  <link xtargets="4;10" />
  <link xtargets="5;11" />
  <link xtargets="6;12" />
  <link xtargets="7;14" />
  <link xtargets="8;15" />
  <link xtargets="9;16" />
  <link xtargets="10;17" />
  <link xtargets="11;18" />
  <link xtargets="12;19" />
  <link xtargets="13;23" />
 </linkGrp>
 <linkGrp targType="s" fromDoc="ceb/nxeXgsr03B/ext-betafeatures-user.xml.gz" toDoc="es/nxeXgsr03B/ext-betafeatures-user.xml.gz">
  <link xtargets="1;6" />
 </linkGrp>
 <linkGrp targType="s" fromDoc="ceb/nxeXgsr03B/ext-campaignevents-user.xml.gz" toDoc="es/nxeXgsr03B/ext-campaignevents-user.xml.gz">
  <link xtargets="1.1 1.2;467.1 467.2" />
  <link xtargets="2.1 2.2;468.1 468.2" />
  <link xtargets="3.1 3.2;469.1 469.2" />
 </linkGrp>
 <linkGrp targType="s" fromDoc="ceb/nxeXgsr03B/ext-categorytree-user.xml.gz" toDoc="es/nxeXgsr03B/ext-categorytree-user.xml.gz">
  <link xtargets="1;2" />
  <link xtargets="2;6" />
  <link xtargets="3;14" />
  <link xtargets="4;15" />
  <link xtargets="5;16" />
  <link xtargets="6;17" />
  <link xtargets="7;18" />
 </linkGrp>
 <linkGrp targType="s" fromDoc="ceb/nxeXgsr03B/ext-centralauth-user.xml.gz" toDoc="es/nxeXgsr03B/ext-centralauth-user.xml.gz">
  <link xtargets="1;9" />
  <link xtargets="2;180" />
  <link xtargets="3;387" />
  <link xtargets="4;134" />
  <link xtargets="5;199" />
  <link xtargets="6;201" />
  <link xtargets="7;203" />
  <link xtargets="8;223" />
  <link xtargets="9;287" />
  <link xtargets="10;288" />
  <link xtargets="11;311" />
  <link xtargets="12;319" />
  <link xtargets="13;376" />
  <link xtargets="14;338" />
  <link xtargets="15;354" />
  <link xtargets="16;357" />
 </linkGrp>
 <linkGrp targType="s" fromDoc="ceb/nxeXgsr03B/ext-citethispage.xml.gz" toDoc="es/nxeXgsr03B/ext-citethispage.xml.gz">
  <link xtargets="1;1" />
  <link xtargets="2;3" />
  <link xtargets="3;4" />
 </linkGrp>
 <linkGrp targType="s" fromDoc="ceb/nxeXgsr03B/ext-collection-user.xml.gz" toDoc="es/nxeXgsr03B/ext-collection-user.xml.gz">
  <link xtargets="1;24" />
  <link xtargets="2;25" />
  <link xtargets="3;27" />
  <link xtargets="4;28" />
  <link xtargets="5;116" />
  <link xtargets="6;117" />
  <link xtargets="7;120" />
  <link xtargets="8;137" />
  <link xtargets="9;142" />
  <link xtargets="10;160" />
 </linkGrp>
 <linkGrp targType="s" fromDoc="ceb/nxeXgsr03B/ext-confirmeditfancycaptcha-user.xml.gz" toDoc="es/nxeXgsr03B/ext-confirmeditfancycaptcha-user.xml.gz">
  <link xtargets="1;4" />
  <link xtargets="2;5" />
  <link xtargets="3;8" />
  <link xtargets="4;10" />
 </linkGrp>
 <linkGrp targType="s" fromDoc="ceb/nxeXgsr03B/ext-contactpage.xml.gz" toDoc="es/nxeXgsr03B/ext-contactpage.xml.gz">
  <link xtargets="1;1" />
 </linkGrp>
 <linkGrp targType="s" fromDoc="ceb/nxeXgsr03B/ext-globalusage-user.xml.gz" toDoc="es/nxeXgsr03B/ext-globalusage-user.xml.gz">
  <link xtargets="1;1" />
  <link xtargets="2;8" />
  <link xtargets="3;9" />
 </linkGrp>
 <linkGrp targType="s" fromDoc="ceb/nxeXgsr03B/ext-graph-user.xml.gz" toDoc="es/nxeXgsr03B/ext-graph-user.xml.gz">
  <link xtargets="1;14" />
 </linkGrp>
 <linkGrp targType="s" fromDoc="ceb/nxeXgsr03B/ext-ipinfo.xml.gz" toDoc="es/nxeXgsr03B/ext-ipinfo.xml.gz">
  <link xtargets="1;12" />
  <link xtargets="2;56" />
  <link xtargets="3;58" />
  <link xtargets="4.1 4.2;60.1 60.2" />
 </linkGrp>
 <linkGrp targType="s" fromDoc="ceb/nxeXgsr03B/ext-maintenance.xml.gz" toDoc="es/nxeXgsr03B/ext-maintenance.xml.gz">
  <link xtargets="1;1" />
 </linkGrp>
 <linkGrp targType="s" fromDoc="ceb/nxeXgsr03B/ext-math-user.xml.gz" toDoc="es/nxeXgsr03B/ext-math-user.xml.gz">
  <link xtargets="1;31" />
  <link xtargets="4;76" />
 </linkGrp>
 <linkGrp targType="s" fromDoc="ceb/nxeXgsr03B/ext-mobileapp.xml.gz" toDoc="es/nxeXgsr03B/ext-mobileapp.xml.gz">
  <link xtargets="1;2" />
 </linkGrp>
 <linkGrp targType="s" fromDoc="ceb/nxeXgsr03B/ext-mobilefrontend-user.xml.gz" toDoc="es/nxeXgsr03B/ext-mobilefrontend-user.xml.gz">
  <link xtargets="1;3" />
  <link xtargets="2;5" />
  <link xtargets="3;91" />
  <link xtargets="4;110" />
  <link xtargets="5;123" />
  <link xtargets="6;124" />
  <link xtargets="7;125" />
  <link xtargets="8;148" />
  <link xtargets="9;152" />
 </linkGrp>
 <linkGrp targType="s" fromDoc="ceb/nxeXgsr03B/ext-newsletter-user.xml.gz" toDoc="es/nxeXgsr03B/ext-newsletter-user.xml.gz">
  <link xtargets="1;124" />
 </linkGrp>
 <linkGrp targType="s" fromDoc="ceb/nxeXgsr03B/ext-oauth.xml.gz" toDoc="es/nxeXgsr03B/ext-oauth.xml.gz"></linkGrp>
 <linkGrp targType="s" fromDoc="ceb/nxeXgsr03B/ext-parserfunctions.xml.gz" toDoc="es/nxeXgsr03B/ext-parserfunctions.xml.gz">
  <link xtargets="1;10" />
  <link xtargets="2;12" />
  <link xtargets="3;14" />
 </linkGrp>
 <linkGrp targType="s" fromDoc="ceb/nxeXgsr03B/ext-proofreadpage-user.xml.gz" toDoc="es/nxeXgsr03B/ext-proofreadpage-user.xml.gz">
  <link xtargets="1;30" />
  <link xtargets="2;32" />
  <link xtargets="3;50" />
 </linkGrp>
 <linkGrp targType="s" fromDoc="ceb/nxeXgsr03B/ext-scribunto-user.xml.gz" toDoc="es/nxeXgsr03B/ext-scribunto-user.xml.gz">
  <link xtargets="1;32" />
 </linkGrp>
 <linkGrp targType="s" fromDoc="ceb/nxeXgsr03B/ext-thanks-user.xml.gz" toDoc="es/nxeXgsr03B/ext-thanks-user.xml.gz">
  <link xtargets="1;2" />
 </linkGrp>
 <linkGrp targType="s" fromDoc="ceb/nxeXgsr03B/ext-translate-core.xml.gz" toDoc="es/nxeXgsr03B/ext-translate-core.xml.gz">
  <link xtargets="1;375" />
  <link xtargets="2;360" />
 </linkGrp>
 <linkGrp targType="s" fromDoc="ceb/nxeXgsr03B/ext-translate-pagetranslation.xml.gz" toDoc="es/nxeXgsr03B/ext-translate-pagetranslation.xml.gz">
  <link xtargets="8;69" />
 </linkGrp>
 <linkGrp targType="s" fromDoc="ceb/nxeXgsr03B/ext-universallanguageselector-user.xml.gz" toDoc="es/nxeXgsr03B/ext-universallanguageselector-user.xml.gz">
  <link xtargets="1;54" />
  <link xtargets="2;52" />
 </linkGrp>
 <linkGrp targType="s" fromDoc="ceb/nxeXgsr03B/ext-urlshortener-user.xml.gz" toDoc="es/nxeXgsr03B/ext-urlshortener-user.xml.gz">
  <link xtargets="1;41" />
 </linkGrp>
 <linkGrp targType="s" fromDoc="ceb/nxeXgsr03B/ext-visualeditor-ve-mw.xml.gz" toDoc="es/nxeXgsr03B/ext-visualeditor-ve-mw.xml.gz">
  <link xtargets="1;4" />
  <link xtargets="2;26" />
  <link xtargets="3;27" />
  <link xtargets="4;29" />
  <link xtargets="5;30" />
  <link xtargets="6;40" />
 </linkGrp>
 <linkGrp targType="s" fromDoc="ceb/nxeXgsr03B/ext-visualeditor-ve-wmf.xml.gz" toDoc="es/nxeXgsr03B/ext-visualeditor-ve-wmf.xml.gz">
  <link xtargets="1;1" />
 </linkGrp>
 <linkGrp targType="s" fromDoc="ceb/nxeXgsr03B/ext-wikibase-client-interface.xml.gz" toDoc="es/nxeXgsr03B/ext-wikibase-client-interface.xml.gz">
  <link xtargets="1;2" />
  <link xtargets="2;10" />
  <link xtargets="3;15" />
  <link xtargets="4;16" />
  <link xtargets="5;17" />
  <link xtargets="6;19" />
  <link xtargets="8;25" />
  <link xtargets="9;26" />
  <link xtargets="10;27" />
  <link xtargets="11;28" />
  <link xtargets="12;36" />
  <link xtargets="13;38" />
  <link xtargets="14;40" />
  <link xtargets="15;41" />
  <link xtargets="16;80" />
 </linkGrp>
 <linkGrp targType="s" fromDoc="ceb/nxeXgsr03B/ext-wikibase-lib.xml.gz" toDoc="es/nxeXgsr03B/ext-wikibase-lib.xml.gz">
  <link xtargets="1;30" />
 </linkGrp>
 <linkGrp targType="s" fromDoc="ceb/nxeXgsr03B/ext-wikibase-repo-api.xml.gz" toDoc="es/nxeXgsr03B/ext-wikibase-repo-api.xml.gz">
  <link xtargets="1;91" />
 </linkGrp>
 <linkGrp targType="s" fromDoc="ceb/nxeXgsr03B/ext-wikibase-repo-interface.xml.gz" toDoc="es/nxeXgsr03B/ext-wikibase-repo-interface.xml.gz">
  <link xtargets="1;12" />
  <link xtargets="2;16" />
  <link xtargets="3;43" />
  <link xtargets="4;81" />
 </linkGrp>
 <linkGrp targType="s" fromDoc="ceb/nxeXgsr03B/ext-wikilove-user.xml.gz" toDoc="es/nxeXgsr03B/ext-wikilove-user.xml.gz">
  <link xtargets="1.1 1.2;165.1 165.2" />
  <link xtargets="2;166" />
 </linkGrp>
 <linkGrp targType="s" fromDoc="ceb/nxeXgsr03B/ext-wikimediacreativecommonslicensetexts.xml.gz" toDoc="es/nxeXgsr03B/ext-wikimediacreativecommonslicensetexts.xml.gz">
  <link xtargets="1;203" />
  <link xtargets="2;204" />
  <link xtargets="3;205" />
  <link xtargets="4;206" />
  <link xtargets="5;207" />
  <link xtargets="6;208" />
  <link xtargets="7;209" />
  <link xtargets="8.1 8.2;210.1 210.2" />
  <link xtargets="9;211" />
  <link xtargets="10;212" />
 </linkGrp>
 <linkGrp targType="s" fromDoc="ceb/nxeXgsr03B/ext-wikimedialicensetexts.xml.gz" toDoc="es/nxeXgsr03B/ext-wikimedialicensetexts.xml.gz">
  <link xtargets="1.1 1.2;45.1 45.2" />
  <link xtargets="2;54" />
  <link xtargets="3;57" />
  <link xtargets="4;60" />
  <link xtargets="5;61" />
  <link xtargets="6;63" />
  <link xtargets="7;65" />
  <link xtargets="8;73" />
 </linkGrp>
 <linkGrp targType="s" fromDoc="ceb/nxeXgsr03B/ext-wikimediamessages.xml.gz" toDoc="es/nxeXgsr03B/ext-wikimediamessages.xml.gz">
  <link xtargets="1;2" />
  <link xtargets="2;3" />
  <link xtargets="3.1 3.2 3.3;175.1 175.2 175.3" />
  <link xtargets="4.1 4.2;182.1 182.2" />
  <link xtargets="5;211" />
  <link xtargets="6;212" />
  <link xtargets="7;214" />
  <link xtargets="8;216" />
  <link xtargets="9;217" />
  <link xtargets="10;251" />
  <link xtargets="11;292" />
  <link xtargets="12;295" />
 </linkGrp>
 <linkGrp targType="s" fromDoc="ceb/nxeXgsr03B/huggle.xml.gz" toDoc="es/nxeXgsr03B/huggle.xml.gz">
  <link xtargets="1;2" />
  <link xtargets="2;3" />
  <link xtargets="3;4" />
  <link xtargets="4;5" />
  <link xtargets="5;6" />
  <link xtargets="6;622" />
  <link xtargets="7;8" />
  <link xtargets="8;9" />
  <link xtargets="9;403" />
  <link xtargets="10;11" />
  <link xtargets="11;12" />
  <link xtargets="12;346" />
  <link xtargets="13;14" />
  <link xtargets="14;15" />
  <link xtargets="15;16" />
  <link xtargets="16.1 16.2;17.1 17.2" />
  <link xtargets="17;18" />
  <link xtargets="18;19" />
  <link xtargets="19;20" />
  <link xtargets="20;21" />
  <link xtargets="21;536" />
  <link xtargets="22;23" />
  <link xtargets="23;24" />
  <link xtargets="24;25" />
  <link xtargets="25.1 25.2;26.1 26.2" />
  <link xtargets="26;27" />
  <link xtargets="27;28" />
  <link xtargets="28;29" />
  <link xtargets="29;30" />
  <link xtargets="30;31" />
  <link xtargets="31;32" />
  <link xtargets="32;33" />
  <link xtargets="33;34" />
  <link xtargets="34;35" />
  <link xtargets="35;327" />
  <link xtargets="36;37" />
  <link xtargets="37;38" />
  <link xtargets="38;326" />
  <link xtargets="39;40" />
  <link xtargets="40;41" />
  <link xtargets="41;42" />
  <link xtargets="42;43" />
  <link xtargets="44;45" />
  <link xtargets="45;46" />
  <link xtargets="46;47" />
  <link xtargets="47;48" />
  <link xtargets="48;49" />
  <link xtargets="49;50" />
  <link xtargets="50;51" />
  <link xtargets="51;52" />
  <link xtargets="52;53" />
  <link xtargets="53;54" />
  <link xtargets="54;55" />
  <link xtargets="55;56" />
  <link xtargets="56;57" />
  <link xtargets="57;58" />
  <link xtargets="58;59" />
  <link xtargets="59;60" />
  <link xtargets="60;61" />
  <link xtargets="61;62" />
  <link xtargets="62;63" />
  <link xtargets="63;64" />
  <link xtargets="64;603" />
  <link xtargets="65;66" />
  <link xtargets="66;67" />
  <link xtargets="67;68" />
  <link xtargets="68;69" />
  <link xtargets="69;70" />
  <link xtargets="70;71" />
  <link xtargets="71;72" />
  <link xtargets="72;73" />
  <link xtargets="73;328" />
  <link xtargets="74;75" />
  <link xtargets="75;76" />
  <link xtargets="76;77" />
  <link xtargets="77.1 77.2 77.3;78.1 78.2 78.3" />
  <link xtargets="78;79" />
  <link xtargets="79;80" />
  <link xtargets="80;81" />
  <link xtargets="81;82" />
  <link xtargets="82;83" />
  <link xtargets="83;84" />
  <link xtargets="84;85" />
  <link xtargets="85;86" />
  <link xtargets="86;87" />
  <link xtargets="87;88" />
  <link xtargets="88;89" />
  <link xtargets="89;90" />
  <link xtargets="90;91" />
  <link xtargets="91;92" />
  <link xtargets="92;93" />
  <link xtargets="93.1 93.2 93.3;94.1 94.2 94.3" />
  <link xtargets="94;95" />
  <link xtargets="95;96" />
 </linkGrp>
 <linkGrp targType="s" fromDoc="ceb/nxeXgsr03B/mediawiki-exif.xml.gz" toDoc="es/nxeXgsr03B/mediawiki-exif.xml.gz">
  <link xtargets="1;6" />
  <link xtargets="2;11" />
  <link xtargets="3;12" />
  <link xtargets="4;22" />
  <link xtargets="5;24" />
  <link xtargets="6;25" />
  <link xtargets="7;26" />
  <link xtargets="8;29" />
  <link xtargets="9;31" />
  <link xtargets="10;38" />
  <link xtargets="11;39" />
  <link xtargets="12;289" />
 </linkGrp>
 <linkGrp targType="s" fromDoc="ceb/nxeXgsr03B/mediawiki-installer.xml.gz" toDoc="es/nxeXgsr03B/mediawiki-installer.xml.gz">
  <link xtargets="1;288" />
  <link xtargets="2.1 2.2 2.3 2.4 2.5 2.6;289.1 289.2 289.3 289.4 289.5 289.6 289.7 289.8" />
 </linkGrp>
 <linkGrp targType="s" fromDoc="ceb/nxeXgsr03B/mediawiki-preferences.xml.gz" toDoc="es/nxeXgsr03B/mediawiki-preferences.xml.gz">
  <link xtargets="1;1" />
  <link xtargets="2;6" />
  <link xtargets="3;8" />
  <link xtargets="4;12" />
  <link xtargets="5;14" />
  <link xtargets="6;15" />
  <link xtargets="7;16" />
  <link xtargets="8;18" />
  <link xtargets="9;19" />
  <link xtargets="10;20" />
  <link xtargets="11.1 11.2;21.1 21.2" />
  <link xtargets="12;22" />
  <link xtargets="13;23" />
  <link xtargets="14;37" />
  <link xtargets="15;38" />
  <link xtargets="16;39" />
  <link xtargets="17;41" />
  <link xtargets="18;42" />
  <link xtargets="19;43" />
  <link xtargets="20.1 20.2;44.1 44.2 44.3" />
  <link xtargets="21;47" />
  <link xtargets="22;48" />
  <link xtargets="23;49" />
  <link xtargets="24;50" />
  <link xtargets="25;51" />
  <link xtargets="26.1 26.2;57" />
  <link xtargets="27.1 27.2;58.1 58.2" />
  <link xtargets="28;63" />
  <link xtargets="29;64" />
  <link xtargets="30;68" />
  <link xtargets="31;75" />
  <link xtargets="32;77" />
  <link xtargets="33;79" />
  <link xtargets="34;81" />
  <link xtargets="35;82" />
  <link xtargets="36;83" />
  <link xtargets="37;84" />
  <link xtargets="38;86" />
  <link xtargets="39;88" />
  <link xtargets="40;148" />
  <link xtargets="41;91" />
  <link xtargets="42;92" />
  <link xtargets="43;98" />
  <link xtargets="44;100" />
  <link xtargets="45;101" />
  <link xtargets="46;102" />
  <link xtargets="47;103" />
  <link xtargets="48;104" />
  <link xtargets="49;107" />
  <link xtargets="50;108" />
  <link xtargets="51;109" />
  <link xtargets="52;110" />
  <link xtargets="53;111" />
  <link xtargets="54;112" />
  <link xtargets="55;113" />
  <link xtargets="56;114" />
  <link xtargets="57;115" />
  <link xtargets="58;116" />
  <link xtargets="59;117" />
  <link xtargets="60;118" />
  <link xtargets="61;122" />
  <link xtargets="62;123" />
  <link xtargets="63;125" />
  <link xtargets="64;126" />
  <link xtargets="65;127" />
  <link xtargets="66;128" />
  <link xtargets="67;129" />
  <link xtargets="68;133" />
  <link xtargets="69;136" />
  <link xtargets="70;137" />
  <link xtargets="71;139" />
  <link xtargets="72;140" />
  <link xtargets="73;141" />
  <link xtargets="74;142" />
  <link xtargets="75;143" />
  <link xtargets="76;144" />
  <link xtargets="77;149" />
  <link xtargets="78;150" />
  <link xtargets="79;151" />
  <link xtargets="80;154" />
  <link xtargets="81;157" />
  <link xtargets="83;159" />
  <link xtargets="85;162" />
  <link xtargets="86;166" />
  <link xtargets="87;195" />
  <link xtargets="88;168" />
  <link xtargets="89;169" />
  <link xtargets="90;170" />
  <link xtargets="91;171" />
  <link xtargets="92;179" />
  <link xtargets="93;180" />
  <link xtargets="94;181" />
  <link xtargets="95;182" />
  <link xtargets="96;184" />
  <link xtargets="97;189" />
  <link xtargets="98;190" />
  <link xtargets="99;191" />
  <link xtargets="100;192" />
  <link xtargets="101;193" />
  <link xtargets="102;196" />
  <link xtargets="103;198" />
  <link xtargets="104;199" />
  <link xtargets="105;200" />
  <link xtargets="106;201" />
  <link xtargets="107;205" />
  <link xtargets="108;208" />
  <link xtargets="109.1 109.2;216.1 216.2" />
  <link xtargets="110;218" />
 </linkGrp>
 <linkGrp targType="s" fromDoc="ceb/nxeXgsr03B/mediawiki-skin-cologneblue.xml.gz" toDoc="es/nxeXgsr03B/mediawiki-skin-cologneblue.xml.gz">
  <link xtargets="1;5" />
  <link xtargets="2;6" />
  <link xtargets="3;7" />
  <link xtargets="4;8" />
  <link xtargets="5;9" />
  <link xtargets="6;10" />
  <link xtargets="7;11" />
  <link xtargets="8;12" />
  <link xtargets="9;13" />
  <link xtargets="10;15" />
  <link xtargets="11;16" />
 </linkGrp>
 <linkGrp targType="s" fromDoc="ceb/nxeXgsr03B/mediawiki-skin-minervaneue.xml.gz" toDoc="es/nxeXgsr03B/mediawiki-skin-minervaneue.xml.gz">
  <link xtargets="1;1" />
  <link xtargets="2;4" />
  <link xtargets="3;9" />
  <link xtargets="4;10" />
  <link xtargets="5;11" />
  <link xtargets="6;13" />
  <link xtargets="7;15" />
  <link xtargets="8;17" />
  <link xtargets="9;18" />
  <link xtargets="10;19" />
  <link xtargets="12;22" />
  <link xtargets="13;23" />
  <link xtargets="14;24" />
  <link xtargets="15;25" />
  <link xtargets="16;26" />
  <link xtargets="17;36" />
  <link xtargets="18;41" />
  <link xtargets="19;42" />
  <link xtargets="20;52" />
 </linkGrp>
 <linkGrp targType="s" fromDoc="ceb/nxeXgsr03B/mediawiki-skin-nostalgia.xml.gz" toDoc="es/nxeXgsr03B/mediawiki-skin-nostalgia.xml.gz">
  <link xtargets="1;9" />
  <link xtargets="2;10" />
 </linkGrp>
 <linkGrp targType="s" fromDoc="ceb/nxeXgsr03B/mediawiki-skin-vector.xml.gz" toDoc="es/nxeXgsr03B/mediawiki-skin-vector.xml.gz">
  <link xtargets="1;12" />
  <link xtargets="2;14" />
  <link xtargets="3;15" />
  <link xtargets="4;18" />
  <link xtargets="5;19" />
  <link xtargets="6;20" />
  <link xtargets="7;21" />
  <link xtargets="8;22" />
  <link xtargets="9;23" />
  <link xtargets="10;24" />
  <link xtargets="11;25" />
  <link xtargets="12;26" />
  <link xtargets="13;27" />
  <link xtargets="14;28" />
  <link xtargets="15;32" />
  <link xtargets="16;48" />
  <link xtargets="17;50" />
  <link xtargets="18;51" />
  <link xtargets="19;60" />
  <link xtargets="20;63" />
  <link xtargets="21;64" />
  <link xtargets="22;67" />
 </linkGrp>
 <linkGrp targType="s" fromDoc="ceb/nxeXgsr03B/mwgerrit-oojs-ui.xml.gz" toDoc="es/nxeXgsr03B/mwgerrit-oojs-ui.xml.gz">
  <link xtargets="1;22" />
 </linkGrp>
 <linkGrp targType="s" fromDoc="ceb/nxeXgsr03B/mwgithub-createwiki.xml.gz" toDoc="es/nxeXgsr03B/mwgithub-createwiki.xml.gz">
  <link xtargets="1.1 1.2 1.3;26.1 26.2" />
  <link xtargets="2;40" />
 </linkGrp>
 <linkGrp targType="s" fromDoc="ceb/nxeXgsr03B/mwgithub-mirahezemagic-custom.xml.gz" toDoc="es/nxeXgsr03B/mwgithub-mirahezemagic-custom.xml.gz"></linkGrp>
 <linkGrp targType="s" fromDoc="ceb/nxeXgsr03B/mwgithub-semanticmediawiki.xml.gz" toDoc="es/nxeXgsr03B/mwgithub-semanticmediawiki.xml.gz">
  <link xtargets="1;283" />
 </linkGrp>
 <linkGrp targType="s" fromDoc="ceb/nxeXgsr03B/ohm-website.xml.gz" toDoc="es/nxeXgsr03B/ohm-website.xml.gz">
  <link xtargets="1;1301" />
 </linkGrp>
 <linkGrp targType="s" fromDoc="ceb/nxeXgsr03B/oppia.xml.gz" toDoc="es/nxeXgsr03B/oppia.xml.gz">
  <link xtargets="1;484" />
  <link xtargets="2;1642" />
  <link xtargets="3;491" />
  <link xtargets="4;1630" />
  <link xtargets="5;493" />
  <link xtargets="6;494" />
  <link xtargets="7;495" />
  <link xtargets="8.1 8.2;496" />
  <link xtargets="9.1 9.2 9.3;497.1 497.2 497.3" />
  <link xtargets="10.1 10.2;498.1 498.2" />
  <link xtargets="11.1 11.2;499.1 499.2" />
  <link xtargets="12;1151" />
  <link xtargets="13;1889" />
 </linkGrp>
 <linkGrp targType="s" fromDoc="ceb/nxeXgsr03B/out-osm-site.xml.gz" toDoc="es/nxeXgsr03B/out-osm-site.xml.gz">
  <link xtargets="1;18" />
  <link xtargets="2;1482" />
  <link xtargets="3;1533" />
  <link xtargets="4;1534" />
 </linkGrp>
 <linkGrp targType="s" fromDoc="ceb/nxeXgsr03B/out-pywikipedia-addtext.xml.gz" toDoc="es/nxeXgsr03B/out-pywikipedia-addtext.xml.gz">
  <link xtargets="1;1" />
 </linkGrp>
 <linkGrp targType="s" fromDoc="ceb/nxeXgsr03B/out-pywikipedia-category.xml.gz" toDoc="es/nxeXgsr03B/out-pywikipedia-category.xml.gz">
  <link xtargets="1;1" />
 </linkGrp>
 <linkGrp targType="s" fromDoc="ceb/nxeXgsr03B/out-pywikipedia-interwiki.xml.gz" toDoc="es/nxeXgsr03B/out-pywikipedia-interwiki.xml.gz">
  <link xtargets="1;1" />
  <link xtargets="2;2" />
  <link xtargets="3;3" />
  <link xtargets="4;4" />
  <link xtargets="5;5" />
  <link xtargets="6;7" />
  <link xtargets="7;8" />
 </linkGrp>
 <linkGrp targType="s" fromDoc="ceb/nxeXgsr03B/out-wikimedia-mobile-wikipedia-android-strings.xml.gz" toDoc="es/nxeXgsr03B/out-wikimedia-mobile-wikipedia-android-strings.xml.gz">
  <link xtargets="1;220" />
 </linkGrp>
 <linkGrp targType="s" fromDoc="ceb/nxeXgsr03B/pageviews.xml.gz" toDoc="es/nxeXgsr03B/pageviews.xml.gz">
  <link xtargets="1;1" />
  <link xtargets="2;8" />
  <link xtargets="3;20" />
  <link xtargets="4;56" />
  <link xtargets="5;71" />
  <link xtargets="6;72" />
  <link xtargets="7;78" />
  <link xtargets="8;173" />
  <link xtargets="9;175" />
  <link xtargets="10;180" />
  <link xtargets="11;240" />
  <link xtargets="12;241" />
 </linkGrp>
 <linkGrp targType="s" fromDoc="ceb/nxeXgsr03B/wikimedia-portals.xml.gz" toDoc="es/nxeXgsr03B/wikimedia-portals.xml.gz">
  <link xtargets="1;2" />
  <link xtargets="3;11" />
  <link xtargets="4;12" />
 </linkGrp>
 <linkGrp targType="s" fromDoc="ceb/nxeXgsr03B/wikipedia-library-partner-descriptions.xml.gz" toDoc="es/nxeXgsr03B/wikipedia-library-partner-descriptions.xml.gz">
  <link xtargets="1;121" />
 </linkGrp>
 <linkGrp targType="s" fromDoc="ceb/nxeXgsr03B/wscontest.xml.gz" toDoc="es/nxeXgsr03B/wscontest.xml.gz"></linkGrp>
</cesAlign>
