<?xml version="1.0" encoding="UTF-8"?>
<!DOCTYPE cesAlign PUBLIC "-//CES//DTD XML cesAlign//EN" "http://www.xces.org/dtd/xcesAlign.dtd">

<cesAlign version="1.0">
 <linkGrp targType="s" fromDoc="ceb/2019-07-10.xml.gz" toDoc="es/2019-07-10.xml.gz">
  <link xtargets="4630383;2685" />
  <link xtargets="6830002;346640" />
  <link xtargets="4625794;403913" />
  <link xtargets="4675232;451717" />
  <link xtargets="4747439;687977" />
  <link xtargets="4642738;745627" />
  <link xtargets="4643717;754724" />
  <link xtargets="4674528;793291" />
  <link xtargets="4643693;853582" />
  <link xtargets="4674543;1041230" />
  <link xtargets="4642616;1208704" />
  <link xtargets="4669892;1331643" />
  <link xtargets="4669895;1331643" />
  <link xtargets="4674588;1338005" />
  <link xtargets="4670179;1503479" />
  <link xtargets="4669909;1582579" />
  <link xtargets="4790801;1597425" />
  <link xtargets="4674525;1602375" />
  <link xtargets="4642833;1702004" />
  <link xtargets="4630383;1880786" />
  <link xtargets="4642727;2285670" />
  <link xtargets="4650856;2710977" />
  <link xtargets="4650857;2710978" />
  <link xtargets="4643691;3027633" />
  <link xtargets="4674591.0 4674591.1;3621694.0 3621694.1" />
  <link xtargets="4642713;3856371" />
  <link xtargets="5507908;4464734" />
  <link xtargets="4625898;4624182" />
  <link xtargets="4625772;4713117" />
  <link xtargets="4630055;4687813" />
  <link xtargets="4630208;4687813" />
  <link xtargets="4642688;5865337" />
  <link xtargets="4642745;5865341" />
  <link xtargets="4643751;5768179" />
  <link xtargets="4643754;5865344" />
  <link xtargets="4650846;5768169" />
  <link xtargets="4660372;5768183" />
  <link xtargets="4662399;5768189" />
  <link xtargets="4662402;5768187" />
  <link xtargets="4662404;5768185" />
  <link xtargets="4670029;5768193" />
  <link xtargets="4680847;4681209" />
  <link xtargets="4680850;4681206" />
  <link xtargets="4680855;4681201" />
  <link xtargets="4680860;4681196" />
  <link xtargets="4690645;4687813" />
  <link xtargets="4749475;5748481" />
  <link xtargets="4757470;5748477" />
  <link xtargets="5195098;5761841" />
  <link xtargets="5280517.0 5280517.1;5766834.0 5766834.1" />
  <link xtargets="5343703;5766830" />
  <link xtargets="5423608;5766825" />
  <link xtargets="5507900;5766820" />
  <link xtargets="5507913;5742635" />
  <link xtargets="5638578;5742632" />
  <link xtargets="5638579;5742629" />
  <link xtargets="5638588;5742619" />
  <link xtargets="5638598;5742613" />
  <link xtargets="6829968;6391105" />
 </linkGrp>
</cesAlign>
