<?xml version="1.0" encoding="UTF-8"?>
<!DOCTYPE cesAlign PUBLIC "-//CES//DTD XML cesAlign//EN" "http://www.xces.org/dtd/xcesAlign.dtd">

<cesAlign version="1.0">
 <linkGrp targType="s" fromDoc="ceb/ted2020-1405.xml.gz" toDoc="es/ted2020-1405.xml.gz">
  <link xtargets="1;1" />
  <link xtargets="2;2" />
  <link xtargets="3;3" />
  <link xtargets="4;4" />
  <link xtargets="5;5" />
  <link xtargets="6;6" />
  <link xtargets="7;7" />
  <link xtargets="8;8" />
  <link xtargets="9;9" />
  <link xtargets="10;10" />
  <link xtargets="11;11" />
  <link xtargets="12;12" />
  <link xtargets="13;13" />
  <link xtargets="14;14" />
  <link xtargets="15;15" />
  <link xtargets="16;16" />
  <link xtargets="17;17" />
  <link xtargets="18;18" />
  <link xtargets="19;19" />
  <link xtargets="20;20" />
  <link xtargets="21;21" />
  <link xtargets="22;22" />
  <link xtargets="23;23" />
  <link xtargets="24;24" />
  <link xtargets="25;25" />
  <link xtargets="26;26" />
  <link xtargets="27;27" />
  <link xtargets="28;28" />
  <link xtargets="29;29" />
  <link xtargets="30;30" />
  <link xtargets="31;31" />
  <link xtargets="32;32" />
  <link xtargets="33;33" />
  <link xtargets="34;34" />
  <link xtargets="35;35" />
  <link xtargets="36;36" />
  <link xtargets="37;37" />
  <link xtargets="38;38" />
  <link xtargets="39;39" />
  <link xtargets="40;40" />
  <link xtargets="41;41" />
  <link xtargets="42;42" />
  <link xtargets="43;43" />
  <link xtargets="44;44" />
  <link xtargets="45;45" />
  <link xtargets="46;46" />
  <link xtargets="47;47" />
  <link xtargets="48;48.1 48.2" />
  <link xtargets="49;49" />
  <link xtargets="50;50" />
  <link xtargets="51;51" />
  <link xtargets="52;52" />
  <link xtargets="53;53" />
  <link xtargets="54;54" />
  <link xtargets="55;55" />
  <link xtargets="56;56" />
  <link xtargets="57;57" />
  <link xtargets="58;58" />
  <link xtargets="59;59" />
  <link xtargets="60;60" />
  <link xtargets="61;61" />
  <link xtargets="62;62" />
  <link xtargets="63;63" />
  <link xtargets="64;64" />
  <link xtargets="65;65" />
  <link xtargets="66;66" />
 </linkGrp>
 <linkGrp targType="s" fromDoc="ceb/ted2020-755.xml.gz" toDoc="es/ted2020-755.xml.gz">
  <link xtargets="1;1" />
  <link xtargets="2.1 2.2;2.1 2.2" />
  <link xtargets="3;3" />
  <link xtargets="4.1 4.2;4.1 4.2" />
  <link xtargets="5;5" />
  <link xtargets="6;6" />
  <link xtargets="7;7" />
  <link xtargets="8;8" />
  <link xtargets="9;9" />
  <link xtargets="10;10" />
  <link xtargets="11;11" />
  <link xtargets="12;12" />
  <link xtargets="13.1 13.2;13.1 13.2" />
  <link xtargets="14.1 14.2;14.1 14.2" />
  <link xtargets="15;15" />
  <link xtargets="16;16.1 16.2" />
  <link xtargets="17;17" />
  <link xtargets="18.1 18.2;18.1 18.2" />
  <link xtargets="19.1 19.2;19.1 19.2" />
  <link xtargets="20;20" />
  <link xtargets="21;21" />
  <link xtargets="22.1 22.2;22.1 22.2" />
  <link xtargets="23.1 23.2;23.1 23.2" />
  <link xtargets="24;24" />
  <link xtargets="25.1 25.2;25.1 25.2" />
  <link xtargets="26;26.1 26.2" />
  <link xtargets="27.1 27.2;27" />
  <link xtargets="28.1 28.2;28.1 28.2" />
  <link xtargets="29;29" />
  <link xtargets="30;30" />
  <link xtargets="31;31" />
  <link xtargets="32;32" />
 </linkGrp>
</cesAlign>
